ChamberName,ChamberID,SampleName,Sample,date,Assay,Dilutionfactor,TotalNumberOfDroplets,WTpos_ProcessedDilutionStock,WTpos_Concentration,WTpos_NumberOfPositiveDroplets,WTpos_NumberOfNegativeDroplets,WTpos_ConcentrationStock_Min,WTpos_ConcentrationStock_Max,WTpos_ConcentrationStock_RelativeUncertainty,VarPos*_ProcessedDilutionStock,VarPos*_Concentration,VarPos*_NumberOfPositiveDroplets,VarPos*_NumberOfNegativeDroplets,VarPos*_ConcentrationStock_Min,VarPos*_ConcentrationStock_Max,VarPos*_ConcentrationStock_RelativeUncertainty,VarNeg_ProcessedDilutionStock,VarNeg_Concentration,VarNeg_NumberOfPositiveDroplets,VarNeg_NumberOfNegativeDroplets,VarNeg_ConcentrationStock_Min,VarNeg_ConcentrationStock_Max,VarNeg_ConcentrationStock_RelativeUncertainty
05594993-A1_Sample1,05594993-A1,Sample1,NTC,,orf1a,1,24502,1,0,0,24502,0,0,inf,1,0,0,24502,0,0,inf,1,inf,24502,0,inf,inf,inf
05594962-B3_Sample10,05594962-B3,Sample10,10_2020_12_21,21.12.20,orf1a,2,22011,1,2.49,30,21981,1.6,3.38,36%,1,0.33,4,21977,0.01,0.66,98%,1,11811,21977,34,11283,12558,5%
05594962-C3_Sample11,05594962-C3,Sample11,10_2020_12_28,28.12.20,orf1a,2,20502,1,4.19,47,20455,2.99,5.39,29%,1,0.18,2,20453,-0.07,0.43,139%,1,11015,20453,49,10565,11614,5%
05594962-D3_Sample12,05594962-D3,Sample12,10_2020_12_28,28.12.20,orf1a,2,22420,1,3.99,49,22371,2.88,5.11,28%,1,0,0,22371,0,0,inf,1,11178,22371,49,10728,11777,5%
05193868-A4_Sample13,05193868-A4,Sample13,10_2021_01_05,05.01.21,orf1a,2,26350,1,4.72,68,26282,3.59,5.84,24%,1,0.49,7,26275,0.13,0.85,74%,1,10696,26275,75,10324,11164,4%
05193868-B4_Sample14,05193868-B4,Sample14,10_2021_01_05,05.01.21,orf1a,2,25698,1,4.41,62,25636,3.31,5.51,25%,1,0.21,3,25633,-0.03,0.46,113%,1,10911,25633,65,10515,11419,4%
05193868-C4_Sample15,05193868-C4,Sample15,10_2021_01_11,11.01.21,orf1a,2,25997,1,2.88,41,25956,2,3.76,31%,1,0.28,4,25952,0.01,0.56,98%,1,11604,25952,45,11136,12234,5%
05193868-D4_Sample16,05193868-D4,Sample16,10_2021_01_11,11.01.21,orf1a,2,26188,1,3.7,53,26135,2.7,4.69,27%,1,0.49,7,26128,0.13,0.85,74%,1,11092,26128,60,10681,11624,4%
05194919-A5_Sample17,05194919-A5,Sample17,10_2021_01_19,19.01.21,orf1a,2,26710,1,0.41,6,26704,0.08,0.74,80%,1,0.07,1,26703,-0.07,0.2,196%,1,15049,26703,7,14037,17512,12%
05194919-B5_Sample18,05194919-B5,Sample18,10_2021_01_19,19.01.21,orf1a,2,25008,1,0.8,11,24997,0.33,1.28,59%,1,0.07,1,24996,-0.07,0.22,196%,1,13945,24996,12,13127,15467,8%
05194919-C5_Sample19,05194919-C5,Sample19,10_2021_01_26,26.01.21,orf1a,2,24451,1,2.02,27,24424,1.26,2.78,38%,1,0.45,6,24418,0.09,0.81,80%,1,12058,24418,33,11522,12819,5%
05594993-B1_Sample2,05594993-B1,Sample2,NTC,,orf1a,1,23290,1,0,0,23290,0,0,inf,1,0,0,23290,0,0,inf,1,inf,23290,0,inf,inf,inf
05194919-D5_Sample20,05194919-D5,Sample20,10_2021_01_26,26.01.21,orf1a,2,25866,1,1.91,27,25839,1.19,2.62,38%,1,0.42,6,25833,0.08,0.76,80%,1,12160,25833,33,11625,12921,5%
05193950-A6_Sample21,05193950-A6,Sample21,10_2021_02_01,01.02.21,orf1a,3,25439,1,0.14,2,25437,-0.06,0.34,139%,1,0.07,1,25436,-0.07,0.21,196%,1,16506,25436,3,15125,inf,inf
05193950-B6_Sample22,05193950-B6,Sample22,10_2021_02_01,01.02.21,orf1a,3,24903,1,0.15,2,24901,-0.06,0.35,139%,1,0.07,1,24900,-0.07,0.22,196%,1,16467,24900,3,15086,inf,inf
05193950-C6_Sample23,05193950-C6,Sample23,10_2021_02_08,08.02.21,orf1a,3,23640,1,0.46,6,23634,0.09,0.83,80%,1,0.54,7,23627,0.14,0.94,74%,1,13696,23627,13,12904,15127,8%
05193950-D6_Sample24,05193950-D6,Sample24,10_2021_02_08,08.02.21,orf1a,3,25242,1,0.51,7,25235,0.13,0.88,74%,1,0.29,4,25231,0.01,0.57,98%,1,14121,25231,11,13273,15751,9%
05594542-A7_Sample25,05594542-A7,Sample25,10_2021_02_15,15.02.21,orf1a,2,22343,1,0.41,5,22338,0.05,0.77,88%,1,0.33,4,22334,0.01,0.65,98%,1,14264,22334,9,13347,16197,10%
05594542-B7_Sample26,05594542-B7,Sample26,10_2021_02_15,15.02.21,orf1a,2,23615,1,0.15,2,23613,-0.06,0.37,139%,1,0.23,3,23610,-0.03,0.49,113%,1,15438,23610,5,14289,19254,16%
05594542-C7_Sample27,05594542-C7,Sample27,10_2021_02_22,22.02.21,orf1a,2,22538,1,0.24,3,22535,-0.03,0.52,113%,1,0.49,6,22529,0.1,0.87,80%,1,14280,22529,9,13363,16212,10%
05594542-D7_Sample28,05594542-D7,Sample28,10_2021_02_22,22.02.21,orf1a,2,21501,1,0.51,6,21495,0.1,0.92,80%,1,0.76,9,21486,0.26,1.26,65%,1,13262,21486,15,12515,14548,8%
05594566-A8_Sample29,05594566-A8,Sample29,10_2021_03_01,01.03.21,orf1a,2,24289,1,0,0,24289,0,0,inf,1,0.6,8,24281,0.18,1.02,69%,1,14631,24281,8,13671,16786,11%
05594993-C1_Sample3,05594993-C1,Sample3,POS,,orf1a,1,23962,1,10.8,141,23821,8.99,12.5,17%,1,0,0,23821,0,0,inf,1,9371,23821,141,9093,9699,3%
05594566-B8_Sample30,05594566-B8,Sample30,10_2021_03_01,01.03.21,orf1a,2,24204,1,0.15,2,24202,-0.06,0.36,139%,1,0.98,13,24189,0.45,1.51,54%,1,13478,24189,15,12731,14765,8%
05594566-C8_Sample31,05594566-C8,Sample31,10_2021_03_08,08.03.21,orf1a,2,21766,1,0,0,21766,0,0,inf,1,0.42,5,21761,0.05,0.79,88%,1,15289,21761,5,14141,19105,16%
05594566-D8_Sample32,05594566-D8,Sample32,10_2021_03_08,08.03.21,orf1a,2,24622,1,0.07,1,24621,-0.07,0.22,196%,1,0.52,7,24614,0.13,0.9,74%,1,14656,24614,8,13696,16810,11%
05594597-A9_Sample33,05594597-A9,Sample33,10_2021_03_15,15.03.21,orf1a,2,20118,1,0,0,20118,0,0,inf,1,0.54,6,20112,0.11,0.98,80%,1,14813,20112,6,13740,17750,14%
05594597-B9_Sample34,05594597-B9,Sample34,10_2021_03_15,15.03.21,orf1a,2,22455,1,0,0,22455,0,0,inf,1,0.33,4,22451,0.01,0.64,98%,1,15753,22451,4,14507,22884,27%
05594597-C9_Sample35,05594597-C9,Sample35,10_2021_03_22,22.03.21,orf1a,2,21213,1,0.09,1,21212,-0.08,0.25,196%,1,1.12,13,21199,0.51,1.73,54%,1,13363,21199,14,12595,14716,8%
05594597-D9_Sample36,05594597-D9,Sample36,10_2021_03_22,22.03.21,orf1a,2,22370,1,0.24,3,22367,-0.03,0.52,113%,1,1.96,24,22343,1.18,2.74,40%,1,12262,22343,27,11678,13125,6%
05594993-D1_Sample4,05594993-D1,Sample4,POS,,orf1a,1,26083,1,11.2,160,25923,9.49,13,16%,1,0,0,25923,0,0,inf,1,9295,25923,160,9033,9601,3%
05595013-A2_Sample5,05595013-A2,Sample5,10_2020_12_07,07.12.20,orf1a,2,24535,1,2.23,30,24505,1.43,3.03,36%,1,0,0,24505,0,0,inf,1,12238,24505,30,11680,13046,6%
05595013-B2_Sample6,05595013-B2,Sample6,10_2020_12_07,07.12.20,orf1a,2,23649,1,2.08,27,23622,1.3,2.87,38%,1,0.08,1,23621,-0.07,0.23,196%,1,12297,23621,28,11722,13140,6%
05595013-C2_Sample7,05595013-C2,Sample7,10_2020_12_14,14.12.20,orf1a,2,23038,1,4.68,59,22979,3.49,5.87,26%,1,0.24,3,22976,-0.03,0.51,113%,1,10798,22976,62,10393,11320,4%
05595013-D2_Sample8,05595013-D2,Sample8,10_2020_12_14,14.12.20,orf1a,2,21626,1,4.99,59,21567,3.71,6.26,26%,1,0.08,1,21566,-0.08,0.25,196%,1,10743,21566,60,10332,11274,4%
05594962-A3_Sample9,05594962-A3,Sample9,10_2020_12_21,21.12.20,orf1a,2,22429,1,2.85,35,22394,1.91,3.79,33%,1,0,0,22394,0,0,inf,1,11793,22394,35,11271,12526,5%
05188895-A1_Sample1,05188895-A1,Sample1,NTC,,del6970,1,25836,1,0,0,25836,0,0,inf,1,0,0,25836,0,0,inf,1,inf,25836,0,inf,inf,inf
05194575-B3_Sample10,05194575-B3,Sample10,10_2020_12_21,21.12.20,del6970,2,25543,1,2.07,29,25514,1.32,2.83,36%,1,0,0,25514,0,0,inf,1,12373,25514,29,11807,13198,6%
05194575-C3_Sample11,05194575-C3,Sample11,10_2020_12_28,28.12.20,del6970,2,25036,1,3.65,50,24986,2.64,4.66,28%,1,0.51,7,24979,0.13,0.89,74%,1,11104,24979,57,10683,11651,4%
05194575-D3_Sample12,05194575-D3,Sample12,10_2020_12_28,28.12.20,del6970,2,26546,1,3.72,54,26492,2.72,4.71,27%,1,0.34,5,26487,0.04,0.65,88%,1,11147,26487,59,10733,11684,4%
05193936-A4_Sample13,05193936-A4,Sample13,10_2021_01_05,05.01.21,del6970,2,28033,1,3.65,56,27977,2.69,4.6,26%,1,0.39,6,27971,0.08,0.7,80%,1,11156,27971,62,10751,11678,4%
05193936-B4_Sample14,05193936-B4,Sample14,10_2021_01_05,05.01.21,del6970,2,27627,1,4.1,62,27565,3.08,5.12,25%,1,0.33,5,27560,0.04,0.62,88%,1,10988,27560,67,10597,11487,4%
05193936-C4_Sample15,05193936-C4,Sample15,10_2021_01_11,11.01.21,del6970,2,27152,1,2.49,37,27115,1.69,3.29,32%,1,0.88,13,27102,0.4,1.35,54%,1,11491,27102,50,11045,12082,5%
05193936-D4_Sample16,05193936-D4,Sample16,10_2021_01_11,11.01.21,del6970,2,27690,1,2.18,33,27657,1.43,2.92,34%,1,0.4,6,27651,0.08,0.71,80%,1,11980,27651,39,11482,12667,5%
05193929-A5_Sample17,05193929-A5,Sample17,10_2021_01_19,19.01.21,del6970,2,28089,1,0.32,5,28084,0.04,0.61,88%,1,0.32,5,28079,0.04,0.61,88%,1,14490,28079,10,13610,16254,9%
05193929-B5_Sample18,05193929-B5,Sample18,10_2021_01_19,19.01.21,del6970,2,28016,1,0.65,10,28006,0.25,1.06,62%,1,0.39,6,28000,0.08,0.7,80%,1,13627,28000,16,12900,14855,7%
05193929-C5_Sample19,05193929-C5,Sample19,10_2021_01_26,26.01.21,del6970,2,27919,1,1.57,24,27895,0.94,2.2,40%,1,0.46,7,27888,0.12,0.8,74%,1,12414,27888,31,11864,13205,5%
05188895-B1_Sample2,05188895-B1,Sample2,NTC,,del6970,1,24931,1,0,0,24931,0,0,inf,1,0,0,24931,0,0,inf,1,inf,24931,0,inf,inf,inf
05193929-D5_Sample20,05193929-D5,Sample20,10_2021_01_26,26.01.21,del6970,2,27462,1,1.99,30,27432,1.28,2.71,36%,1,0.67,10,27422,0.25,1.08,62%,1,11919,27422,40,11426,12595,5%
05193912-A6_Sample21,05193912-A6,Sample21,10_2021_02_01,01.02.21,del6970,3,27726,1,0.2,3,27723,-0.03,0.42,113%,1,0.13,2,27721,-0.05,0.31,139%,1,15731,27721,5,14582,19547,16%
05193912-B6_Sample22,05193912-B6,Sample22,10_2021_02_01,01.02.21,del6970,3,28028,1,0.39,6,28022,0.08,0.7,80%,1,0.07,1,28021,-0.06,0.19,196%,1,15136,28021,7,14125,17600,12%
05193912-C6_Sample23,05193912-C6,Sample23,10_2021_02_08,08.02.21,del6970,3,27614,1,0.66,10,27604,0.25,1.07,62%,1,0.2,3,27601,-0.03,0.42,113%,1,13980,27601,13,13188,15410,8%
05193912-D6_Sample24,05193912-D6,Sample24,10_2021_02_08,08.02.21,del6970,3,27087,1,0.54,8,27079,0.17,0.91,69%,1,0.61,9,27070,0.21,1,65%,1,13455,27070,17,12745,14632,7%
05187645-A7_Sample25,05187645-A7,Sample25,10_2021_02_15,15.02.21,del6970,2,26944,1,0.27,4,26940,0.01,0.54,98%,1,0.34,5,26935,0.04,0.64,88%,1,14606,26935,9,13688,16538,10%
05187645-B7_Sample26,05187645-B7,Sample26,10_2021_02_15,15.02.21,del6970,2,27155,1,0.34,5,27150,0.04,0.63,88%,1,0.54,8,27142,0.17,0.91,69%,1,13949,27142,13,13157,15380,8%
05187645-C7_Sample27,05187645-C7,Sample27,10_2021_02_22,22.02.21,del6970,2,27332,1,0.27,4,27328,0.01,0.53,98%,1,1.07,16,27312,0.55,1.59,49%,1,13175,27312,20,12512,14227,7%
05187645-D7_Sample28,05187645-D7,Sample28,10_2021_02_22,22.02.21,del6970,2,28131,1,0.19,3,28128,-0.03,0.41,113%,1,0.78,12,28116,0.34,1.22,57%,1,13752,28116,15,13005,15039,7%
05187652-A8_Sample29,05187652-A8,Sample29,10_2021_03_01,01.03.21,del6970,2,27594,1,0,0,27594,0,0,inf,1,0.79,12,27582,0.34,1.24,57%,1,14124,27582,12,13306,15646,8%
05188895-C1_Sample3,05188895-C1,Sample3,POS,,del6970,1,26985,1,8.95,132,26853,7.42,10.5,17%,1,0,0,26853,0,0,inf,1,9708,26853,132,9421,10048,3%
05187652-B8_Sample30,05187652-B8,Sample30,10_2021_03_01,01.03.21,del6970,2,28394,1,0.13,2,28392,-0.05,0.31,139%,1,0.9,14,28378,0.43,1.37,52%,1,13652,28378,16,12924,14880,7%
05187652-C8_Sample31,05187652-C8,Sample31,10_2021_03_08,08.03.21,del6970,2,28234,1,0.13,2,28232,-0.05,0.31,139%,1,0.45,7,28225,0.12,0.79,74%,1,14691,28225,9,13774,16624,10%
05187652-D8_Sample32,05187652-D8,Sample32,10_2021_03_08,08.03.21,del6970,2,28504,1,0.06,1,28503,-0.06,0.19,196%,1,0.26,4,28499,0.01,0.51,98%,1,15781,28499,5,14633,19597,16%
05187706-A9_Sample33,05187706-A9,Sample33,10_2021_03_15,15.03.21,del6970,2,28096,1,0,0,28096,0,0,inf,1,0.91,14,28082,0.43,1.39,52%,1,13876,28082,14,13107,15229,8%
05187706-B9_Sample34,05187706-B9,Sample34,10_2021_03_15,15.03.21,del6970,2,26977,1,0,0,26977,0,0,inf,1,1.22,18,26959,0.66,1.78,46%,1,13343,26959,18,12650,14474,7%
05187706-C9_Sample35,05187706-C9,Sample35,10_2021_03_22,22.03.21,del6970,2,26334,1,0.21,3,26331,-0.03,0.44,113%,1,1.39,20,26311,0.78,1.99,44%,1,12852,26311,23,12227,13810,6%
05187706-D9_Sample36,05187706-D9,Sample36,10_2021_03_22,22.03.21,del6970,2,26980,1,0.27,4,26976,0.01,0.54,98%,1,1.83,27,26949,1.14,2.52,38%,1,12351,26949,31,11801,13143,5%
05188895-D1_Sample4,05188895-D1,Sample4,POS,,del6970,1,26993,1,9.56,141,26852,7.98,11.1,17%,1,0,0,26852,0,0,inf,1,9588,26852,141,9310,9916,3%
05194445-A2_Sample5,05194445-A2,Sample5,10_2020_12_07,07.12.20,del6970,2,26520,1,1.79,26,26494,1.1,2.48,38%,1,0.14,2,26492,-0.05,0.33,139%,1,12506,26492,28,11931,13349,6%
05194445-B2_Sample6,05194445-B2,Sample6,10_2020_12_07,07.12.20,del6970,2,26783,1,1.7,25,26758,1.04,2.37,39%,1,0.07,1,26757,-0.07,0.2,196%,1,12659,26757,26,12066,13544,6%
05194445-C2_Sample7,05194445-C2,Sample7,10_2020_12_14,14.12.20,del6970,2,27305,1,3.01,45,27260,2.13,3.89,29%,1,0.2,3,27257,-0.03,0.43,113%,1,11575,27257,48,11121,12182,5%
05194445-D2_Sample8,05194445-D2,Sample8,10_2020_12_14,14.12.20,del6970,2,27291,1,3.21,48,27243,2.3,4.12,28%,1,0.2,3,27240,-0.03,0.43,113%,1,11464,27240,51,11022,12049,4%
05194575-A3_Sample9,05194575-A3,Sample9,10_2020_12_21,21.12.20,del6970,2,27193,1,2.89,43,27150,2.02,3.75,30%,1,0.4,6,27144,0.08,0.73,80%,1,11530,27144,49,11080,12129,5%
05285617-A1_Sample1,05285617-A1,Sample1,NEG,,orf1a,1,29247,1,0,0,29247,0,0,inf,1,0,0,29247,0,0,inf,1,inf,29247,0,inf,inf,inf
05285617-B1_Sample2,05285617-B1,Sample2,NEG,,orf1a,1,28738,1,0,0,28738,0,0,inf,1,0,0,28738,0,0,inf,1,inf,28738,0,inf,inf,inf
05285617-C1_Sample3,05285617-C1,Sample3,POS,,orf1a,1,27773,1,0.72,11,27762,0.3,1.15,59%,1,0,0,27762,0,0,inf,1,14295,27762,11,13448,15926,9%
05285617-D1_Sample4,05285617-D1,Sample4,POS,,orf1a,1,28169,1,0.97,15,28154,0.48,1.46,51%,1,0,0,28154,0,0,inf,1,13755,28154,15,13008,15041,7%
05284924-A4_Sample13,05284924-A4,Sample13,10_2021_01_07,07.01.21,orf1a,2,25447,1,1.87,26,25421,1.15,2.58,38%,1,0.14,2,25419,-0.06,0.34,139%,1,12430,25419,28,11856,13274,6%
05284924-B4_Sample14,05284924-B4,Sample14,10_2021_01_07,07.01.21,orf1a,2,28442,1,2.5,39,28403,1.72,3.29,31%,1,0.19,3,28400,-0.03,0.41,113%,1,11894,28400,42,11412,12550,5%
05284924-C4_Sample15,05284924-C4,Sample15,10_2021_01_14,14.01.21,orf1a,2,26908,1,0.07,1,26907,-0.07,0.2,196%,1,0,0,26907,0,0,inf,1,18613,26907,1,16633,inf,inf
05284924-D4_Sample16,05284924-D4,Sample16,10_2021_01_14,14.01.21,orf1a,2,28540,1,0.26,4,28536,0.01,0.51,98%,1,0.06,1,28535,-0.06,0.19,196%,1,15783,28535,5,14635,19599,16%
05285631-A7_Sample25,05285631-A7,Sample25,10_2021_02_18,18.02.21,orf1a,2,27794,1,0.13,2,27792,-0.05,0.31,139%,1,0.46,7,27785,0.12,0.8,74%,1,14663,27785,9,13745,16595,10%
05285631-B7_Sample26,05285631-B7,Sample26,10_2021_02_18,18.02.21,orf1a,2,28166,1,0.45,7,28159,0.12,0.79,74%,1,0.45,7,28152,0.12,0.79,74%,1,13881,28152,14,13112,15234,8%
05285631-C7_Sample27,05285631-C7,Sample27,10_2021_02_26,26.02.21,orf1a,2,27081,1,0.34,5,27076,0.04,0.63,88%,1,1.01,15,27061,0.5,1.52,51%,1,13158,27061,20,12495,14210,7%
05285631-D7_Sample28,05285631-D7,Sample28,10_2021_02_26,26.02.21,orf1a,2,28418,1,0.13,2,28416,-0.05,0.31,139%,1,0.96,15,28401,0.48,1.45,51%,1,13542,28401,17,12833,14719,7%
05285563-A2_Sample5,05285563-A2,Sample5,10_2020_12_10,10.12.20,orf1a,2,27242,1,1.94,29,27213,1.24,2.65,36%,1,0,0,27213,0,0,inf,1,12491,27213,29,11925,13316,6%
05285563-B2_Sample6,05285563-B2,Sample6,10_2020_12_10,10.12.20,orf1a,2,25630,1,3.99,56,25574,2.95,5.04,26%,1,0.14,2,25572,-0.06,0.34,139%,1,11115,25572,58,10697,11657,4%
05285563-C2_Sample7,05285563-C2,Sample7,10_2020_12_18,18.12.20,orf1a,2,24808,1,3.98,54,24754,2.92,5.04,27%,1,0,0,24754,0,0,inf,1,11185,24754,54,10754,11751,4%
05285563-D2_Sample8,05285563-D2,Sample8,10_2020_12_18,18.12.20,orf1a,2,25218,1,4.13,57,25161,3.06,5.2,26%,1,0.07,1,25160,-0.07,0.21,196%,1,11085,25160,58,10668,11627,4%
05284931-A5_Sample17,05284931-A5,Sample17,10_2021_01_24,24.01.21,orf1a,2,26429,1,2.07,30,26399,1.33,2.81,36%,1,0.28,4,26395,0.01,0.55,98%,1,12145,26395,34,11617,12892,5%
05284931-B5_Sample18,05284931-B5,Sample18,10_2021_01_24,24.01.21,orf1a,2,25568,1,2.86,40,25528,1.97,3.74,31%,1,0.14,2,25526,-0.06,0.34,139%,1,11699,25526,42,11217,12356,5%
05284931-C5_Sample19,05284931-C5,Sample19,10_2021_01_31,31.01.21,orf1a,2,24637,1,0.37,5,24632,0.05,0.7,88%,1,0.07,1,24631,-0.07,0.22,196%,1,15182,24631,6,14110,18120,13%
05284931-D5_Sample20,05284931-D5,Sample20,10_2021_01_31,31.01.21,orf1a,2,26310,1,0.49,7,26303,0.13,0.85,74%,1,0.14,2,26301,-0.05,0.33,139%,1,14562,26301,9,13645,16495,10%
05285624-A8_Sample29,05285624-A8,Sample29,10_2021_03_05,05.03.21,orf1a,2,29108,1,0,0,29108,0,0,inf,1,0.31,5,29103,0.04,0.59,88%,1,15819,29103,5,14671,19635,16%
05285624-B8_Sample30,05285624-B8,Sample30,10_2021_03_05,05.03.21,orf1a,2,28863,1,0.13,2,28861,-0.05,0.3,139%,1,0.63,10,28851,0.24,1.02,62%,1,14206,28851,12,13388,15728,8%
05285624-C8_Sample31,05285624-C8,Sample31,10_2021_03_11,11.03.21,orf1a,2,28795,1,0.25,4,28791,0.01,0.5,98%,1,1.84,29,28762,1.17,2.51,36%,1,12356,28762,33,11821,13117,5%
05285624-D8_Sample32,05285624-D8,Sample32,10_2021_03_11,11.03.21,orf1a,2,29154,1,0.13,2,29152,-0.05,0.3,139%,1,1.69,27,29125,1.05,2.33,38%,1,12615,29125,29,12048,13440,6%
05283774-A3_Sample9,05283774-A3,Sample9,10_2020_12_26,26.12.20,orf1a,2,27426,1,6.13,92,27334,4.88,7.38,20%,1,0.47,7,27327,0.12,0.81,74%,1,10262,27327,99,9935,10662,4%
05283774-B3_Sample10,05283774-B3,Sample10,10_2020_12_26,26.12.20,orf1a,2,27375,1,6.28,94,27281,5.01,7.55,20%,1,0.54,8,27273,0.16,0.91,69%,1,10205,27273,102,9881,10598,4%
05283774-C3_Sample11,05283774-C3,Sample11,10_2021_01_01,01.01.21,orf1a,2,27527,1,3.45,52,27475,2.51,4.39,27%,1,0.13,2,27473,-0.05,0.32,139%,1,11375,27473,54,10944,11941,4%
05283774-D3_Sample12,05283774-D3,Sample12,10_2021_01_01,01.01.21,orf1a,2,27316,1,3.95,59,27257,2.94,4.95,26%,1,0,0,27257,0,0,inf,1,11200,27257,59,10785,11737,4%
05285402-A6_Sample21,05285402-A6,Sample21,10_2021_02_05,05.02.21,orf1a,3,27786,1,0.85,13,27773,0.39,1.32,54%,1,0.53,8,27765,0.16,0.89,69%,1,13116,27765,21,12466,14134,6%
05285402-B6_Sample22,05285402-B6,Sample22,10_2021_02_05,05.02.21,orf1a,3,26947,1,0.61,9,26938,0.21,1.01,65%,1,0.27,4,26934,0.01,0.54,98%,1,13935,26934,13,13143,15366,8%
05285402-C6_Sample23,05285402-C6,Sample23,10_2021_02_11,11.02.21,orf1a,2,27780,1,0.33,5,27775,0.04,0.62,88%,1,0.46,7,27768,0.12,0.8,74%,1,14137,27768,12,13319,15658,8%
05285402-D6_Sample24,05285402-D6,Sample24,10_2021_02_11,11.02.21,orf1a,2,27839,1,0.59,9,27830,0.2,0.98,65%,1,0.33,5,27825,0.04,0.62,88%,1,13859,27825,14,13091,15213,8%
05285426-A9_Sample33,05285426-A9,Sample33,10_2021_03_18,18.03.21,orf1a,2,26362,1,0.07,1,26361,-0.07,0.2,196%,1,1.25,18,26343,0.67,1.82,46%,1,13202,26343,19,12525,14292,7%
05285426-B9_Sample34,05285426-B9,Sample34,10_2021_03_18,18.03.21,orf1a,2,25582,1,0,0,25582,0,0,inf,1,1.28,18,25564,0.69,1.88,46%,1,13246,25564,18,12553,14377,7%
05285426-C9_Sample35,05285426-C9,Sample35,10_2021_03_26,26.03.21,orf1a,2,24598,1,0.07,1,24597,-0.07,0.22,196%,1,1.71,23,24574,1.01,2.4,41%,1,12650,24574,24,12036,13582,6%
05285426-D9_Sample36,05285426-D9,Sample36,10_2021_03_26,26.03.21,orf1a,2,23910,1,0.08,1,23909,-0.07,0.23,196%,1,1.99,26,23883,1.22,2.75,38%,1,12383,23883,27,11799,13247,6%
05245567-A1_Sample1,05245567-A1,Sample1,NEG,,del6970,1,23856,1,0,0,23856,0,0,inf,1,0,0,23856,0,0,inf,1,inf,23856,0,inf,inf,inf
05245567-B1_Sample2,05245567-B1,Sample2,NEG,,del6970,1,23917,1,0,0,23917,0,0,inf,1,0,0,23917,0,0,inf,1,inf,23917,0,inf,inf,inf
05245567-C1_Sample3,05245567-C1,Sample3,POS,,del6970,1,21692,1,0.67,8,21684,0.21,1.14,69%,1,0,0,21684,0,0,inf,1,14425,21684,8,13465,16579,11%
05245567-D1_Sample4,05245567-D1,Sample4,POS,,del6970,1,23703,1,1.16,15,23688,0.57,1.74,51%,1,0,0,23688,0,0,inf,1,13440,23688,15,12693,14726,8%
05285570-A4_Sample13,05285570-A4,Sample13,10_2021_01_07,07.01.21,del6970,2,25897,1,2.68,38,25859,1.83,3.53,32%,1,0.71,10,25849,0.27,1.14,62%,1,11479,25849,48,11025,12085,5%
05285570-B4_Sample14,05285570-B4,Sample14,10_2021_01_07,07.01.21,del6970,2,24505,1,2.61,35,24470,1.74,3.47,33%,1,0.67,9,24461,0.23,1.11,65%,1,11537,24461,44,11065,12175,5%
05285570-C4_Sample15,05285570-C4,Sample15,10_2021_01_14,14.01.21,del6970,2,25494,1,0.21,3,25491,-0.03,0.46,113%,1,0.21,3,25488,-0.03,0.46,113%,1,15245,25488,6,14172,18182,13%
05285570-D4_Sample16,05285570-D4,Sample16,10_2021_01_14,14.01.21,del6970,2,26498,1,0.14,2,26496,-0.05,0.33,139%,1,0.28,4,26492,0.01,0.55,98%,1,15315,26492,6,14243,18253,13%
05245505-A7_Sample25,05245505-A7,Sample25,10_2021_02_18,18.02.21,del6970,2,21736,1,0.34,4,21732,0.01,0.67,98%,1,0.5,6,21726,0.1,0.91,80%,1,14022,21726,10,13142,15786,9%
05245505-B7_Sample26,05245505-B7,Sample26,10_2021_02_18,18.02.21,del6970,2,22707,1,0.64,8,22699,0.2,1.09,69%,1,0.48,6,22693,0.1,0.87,80%,1,13487,22693,14,12719,14841,8%
05245505-C7_Sample27,05245505-C7,Sample27,10_2021_02_26,26.02.21,del6970,2,21156,1,0.17,2,21154,-0.07,0.41,139%,1,0.26,3,21151,-0.03,0.55,113%,1,15237,21151,5,14089,19053,16%
05245505-D7_Sample28,05245505-D7,Sample28,10_2021_02_26,26.02.21,del6970,2,21909,1,0,0,21909,0,0,inf,1,0.58,7,21902,0.15,1.02,74%,1,14687,21902,7,13675,17150,12%
05245550-A2_Sample5,05245550-A2,Sample5,10_2020_12_10,10.12.20,del6970,2,24763,1,3.76,51,24712,2.73,4.79,27%,1,0.07,1,24711,-0.07,0.22,196%,1,11251,24711,52,10813,11829,5%
05245550-B2_Sample6,05245550-B2,Sample6,10_2020_12_10,10.12.20,del6970,2,25624,1,3.56,50,25574,2.58,4.55,28%,1,0.21,3,25571,-0.03,0.46,113%,1,11279,25571,53,10844,11850,4%
05245550-C2_Sample7,05245550-C2,Sample7,10_2020_12_18,18.12.20,del6970,2,26050,1,2.66,38,26012,1.82,3.51,32%,1,0.14,2,26010,-0.05,0.33,139%,1,11822,26010,40,11330,12499,5%
05245550-D2_Sample8,05245550-D2,Sample8,10_2020_12_18,18.12.20,del6970,2,24707,1,3.77,51,24656,2.74,4.81,27%,1,0.3,4,24652,0.01,0.59,98%,1,11145,24652,55,10717,11704,4%
05285365-A5_Sample17,05285365-A5,Sample17,10_2021_01_24,24.01.21,del6970,2,22190,1,2.72,33,22157,1.79,3.64,34%,1,0.49,6,22151,0.1,0.89,80%,1,11576,22151,39,11078,12262,5%
05285365-B5_Sample18,05285365-B5,Sample18,10_2021_01_24,24.01.21,del6970,2,23274,1,1.88,24,23250,1.13,2.64,40%,1,0.39,5,23245,0.05,0.74,88%,1,12203,23245,29,11637,13029,6%
05285365-C5_Sample19,05285365-C5,Sample19,10_2021_01_31,31.01.21,del6970,2,21810,1,0.75,9,21801,0.26,1.25,65%,1,0.33,4,21797,0.01,0.66,98%,1,13549,21797,13,12757,14980,8%
05285365-D5_Sample20,05285365-D5,Sample20,10_2021_01_31,31.01.21,del6970,2,21940,1,0.17,2,21938,-0.06,0.4,139%,1,0.08,1,21937,-0.08,0.25,196%,1,16236,21937,3,14855,inf,inf
05245499-A8_Sample29,05245499-A8,Sample29,10_2021_03_05,05.03.21,del6970,2,23449,1,0,0,23449,0,0,inf,1,0.62,8,23441,0.19,1.05,69%,1,14567,23441,8,13607,16721,11%
05245499-B8_Sample30,05245499-B8,Sample30,10_2021_03_05,05.03.21,del6970,2,24588,1,0.15,2,24586,-0.06,0.35,139%,1,0.45,6,24580,0.09,0.8,80%,1,14654,24580,8,13693,16808,11%
05245499-C8_Sample31,05245499-C8,Sample31,10_2021_03_11,11.03.21,del6970,2,23913,1,0.23,3,23910,-0.03,0.49,113%,1,1.53,20,23890,0.86,2.2,44%,1,12676,23890,23,12051,13634,6%
05245499-D8_Sample32,05245499-D8,Sample32,10_2021_03_11,11.03.21,del6970,2,24559,1,0.3,4,24555,0.01,0.59,98%,1,1.56,21,24534,0.89,2.23,43%,1,12572,24534,25,11969,13480,6%
05245543-A3_Sample9,05245543-A3,Sample9,10_2020_12_26,26.12.20,del6970,2,25730,1,6.39,90,25640,5.07,7.72,21%,1,0.5,7,25633,0.13,0.87,74%,1,10183,25633,97,9853,10587,4%
05245543-B3_Sample10,05245543-B3,Sample10,10_2020_12_26,26.12.20,del6970,2,26783,1,6.55,96,26687,5.24,7.86,20%,1,1.03,15,26672,0.51,1.55,51%,1,10010,26672,111,9700,10385,3%
05245543-C3_Sample11,05245543-C3,Sample11,10_2021_01_01,01.01.21,del6970,2,26671,1,3.9,57,26614,2.89,4.92,26%,1,0.62,9,26605,0.21,1.02,65%,1,10951,26605,66,10557,11455,4%
05245543-D3_Sample12,05245543-D3,Sample12,10_2021_01_01,01.01.21,del6970,2,26700,1,3.22,47,26653,2.3,4.13,29%,1,0.55,8,26645,0.17,0.93,69%,1,11286,26645,55,10859,11846,4%
05285419-A6_Sample21,05285419-A6,Sample21,10_2021_02_05,05.02.21,del6970,3,23414,1,0.55,7,23407,0.14,0.95,74%,1,0.55,7,23400,0.14,0.95,74%,1,13543,23400,14,12775,14897,8%
05285419-B6_Sample22,05285419-B6,Sample22,10_2021_02_05,05.02.21,del6970,3,23211,1,0.39,5,23206,0.05,0.74,88%,1,0.79,10,23196,0.3,1.27,62%,1,13402,23196,15,12654,14688,8%
05285419-C6_Sample23,05285419-C6,Sample23,10_2021_02_11,11.02.21,del6970,2,23176,1,0.63,8,23168,0.19,1.07,69%,1,0.08,1,23167,-0.08,0.23,196%,1,14331,23167,9,13414,16263,10%
05285419-D6_Sample24,05285419-D6,Sample24,10_2021_02_11,11.02.21,del6970,2,22761,1,0.64,8,22753,0.2,1.09,69%,1,0.64,8,22745,0.2,1.09,69%,1,13248,22745,16,12521,14476,7%
05245482-A9_Sample33,05245482-A9,Sample33,10_2021_03_18,18.03.21,del6970,2,23319,1,0,0,23319,0,0,inf,1,1.1,14,23305,0.52,1.67,52%,1,13536,23305,14,12767,14889,8%
05245482-B9_Sample34,05245482-B9,Sample34,10_2021_03_18,18.03.21,del6970,2,25791,1,0,0,25791,0,0,inf,1,1.77,25,25766,1.08,2.46,39%,1,12662,25766,25,12058,13569,6%
05245482-C9_Sample35,05245482-C9,Sample35,10_2021_03_26,26.03.21,del6970,2,26694,1,0.21,3,26691,-0.03,0.44,113%,1,2.39,35,26656,1.6,3.19,33%,1,11960,26656,38,11457,12658,5%
05245482-D9_Sample36,05245482-D9,Sample36,10_2021_03_26,26.03.21,del6970,2,26556,1,0.27,4,26552,0.01,0.54,98%,1,2.54,37,26515,1.72,3.36,32%,1,11812,26515,41,11325,12479,5%